benchmark	Type	Orig	Prop	Class	logs.Storm.topovi-abs-e3-g5	logs.Storm.topoii-abs-e3-g5	logs.Storm.ii-abs-e3-g5	logs.Storm.topopi-abs-e3-g5	logs.Storm.topopi-abs-einf	logs.Storm.topoii-abs-e3-g01	logs.Storm.topoii-abs-e3-g1	logs.Storm.topoii-abs-e3-g25	logs.Storm.topoii-abs-e3-g75	logs.Storm.topoii-abs-e3-g9	logs.Storm.topoii-abs-e3-g99	logs.Storm.topoii-abs-e1-g5	logs.Storm.topoii-abs-e2-g5	logs.Storm.topoii-abs-e4-g5	logs.Storm.topoii-abs-e5-g5	logs.Storm.topoii-abs-e6-g5	logs.mcsta.ii-rel-e3-g5	logs.mcsta.vi-abs-e3-g5	logs.mcsta.ii-abs-e3-g01	logs.mcsta.ii-abs-e3-g1	logs.mcsta.ii-abs-e3-g25	logs.mcsta.ii-abs-e3-g5	logs.mcsta.ii-abs-e3-g75	logs.mcsta.ii-abs-e3-g9	logs.mcsta.ii-abs-e3-g99	logs.mcsta.ii-abs-e1-g5	logs.mcsta.ii-abs-e2-g5	logs.mcsta.ii-abs-e4-g5	logs.mcsta.ii-abs-e5-g5	logs.mcsta.ii-abs-e6-g5	best
bitcoin-attack.20-6.Multi	ma	modest	M	2obj	1024	1024	1024	2048	2048	1024	1024	1024	1024	1024	1024	1024	1024	1024	1024	1024	2048	2048	2048	2048	2048	2048	2048	2048	2048	2048	2048	2048	2048	2048	2048
dpm.4-4-5.Multi	ma	modest	M	ge4obj	1024	2048	2048	2048	2048	1024	1024	2048	2048	1024	2048	2048	2048	1024	1024	1024	2048	2048	2048	2048	2048	2048	2048	2048	2048	2048	2048	2048	2048	2048	2048
dpm.4-4-25.Multi	ma	modest	M	ge4obj	1024	2048	2048	2048	2048	1024	1024	2048	2048	1024	2048	2048	2048	1024	1024	1024	2048	2048	2048	2048	2048	2048	2048	2048	2048	2048	2048	2048	2048	2048	2048
dpm.4-6-25.Multi	ma	modest	M	ge4obj	1024	1024	1024	2048	2048	1024	1024	1024	1024	1024	1024	1024	1024	1024	1024	1024	2048	2048	2048	2048	2048	2048	2048	2048	2048	2048	2048	2048	2048	2048	2048
dpm.4-6-50.Multi	ma	modest	M	ge4obj	1024	1024	1024	2048	2048	1024	1024	1024	1024	1024	1024	1024	1024	1024	1024	1024	2048	2048	2048	2048	2048	2048	2048	2048	2048	2048	2048	2048	2048	2048	2048
dpm.4-6-100.Multi	ma	modest	M	ge4obj	1024	1024	1024	2048	2048	1024	1024	1024	1024	1024	1024	1024	1024	1024	1024	1024	2048	2048	2048	2048	2048	2048	2048	2048	2048	2048	2048	2048	2048	2048	2048
dpm.4-8-5.Multi	ma	modest	M	ge4obj	1024	1024	1024	2048	2048	1024	1024	1024	1024	1024	1024	1024	1024	1024	1024	1024	2048	2048	2048	2048	2048	2048	2048	2048	2048	2048	2048	2048	2048	2048	2048
dpm.4-8-25.Multi	ma	modest	M	ge4obj	1024	1024	1024	2048	2048	1024	1024	1024	1024	1024	1024	1024	1024	1024	1024	1024	2048	2048	2048	2048	2048	2048	2048	2048	2048	2048	2048	2048	2048	2048	2048
dpm.4-8-100.Multi	ma	modest	M	ge4obj	1024	1024	1024	2048	2048	1024	1024	1024	1024	1024	1024	1024	1024	1024	1024	1024	2048	2048	2048	2048	2048	2048	2048	2048	2048	2048	2048	2048	2048	2048	2048
dpm.6-4-5.Multi	ma	modest	M	ge4obj	1024	1024	1024	2048	2048	1024	1024	1024	1024	1024	1024	1024	1024	1024	1024	1024	2048	2048	2048	2048	2048	2048	2048	2048	2048	2048	2048	2048	2048	2048	2048
dpm.6-6-5.Multi	ma	modest	M	ge4obj	1024	1024	1024	2048	2048	1024	1024	1024	1024	1024	1024	1024	1024	1024	1024	1024	2048	2048	2048	2048	2048	2048	2048	2048	2048	2048	2048	2048	2048	2048	2048
dpm.6-8-5.Multi	ma	modest	M	ge4obj	1024	1024	1024	2048	2048	1024	1024	1024	1024	1024	1024	1024	1024	1024	1024	1024	2048	2048	2048	2048	2048	2048	2048	2048	2048	2048	2048	2048	2048	2048	2048
dpm.8-4-5.Multi	ma	modest	M	ge4obj	1024	1024	1024	2048	2048	1024	1024	1024	1024	1024	1024	1024	1024	1024	1024	1024	2048	2048	2048	2048	2048	2048	2048	2048	2048	2048	2048	2048	2048	2048	2048
dpm.8-6-5.Multi	ma	modest	M	ge4obj	1024	1024	1024	2048	2048	1024	1024	1024	1024	1024	1024	1024	1024	1024	1024	1024	2048	2048	2048	2048	2048	2048	2048	2048	2048	2048	2048	2048	2048	2048	2048
dpm.8-8-5.Multi	ma	modest	M	ge4obj	1024	1024	1024	2048	2048	1024	1024	1024	1024	1024	1024	1024	1024	1024	1024	1024	2048	2048	2048	2048	2048	2048	2048	2048	2048	2048	2048	2048	2048	2048	2048
erlang.10-10-5.MultiPos	ma	modest	M	2obj	2.4766454696655273	2.474278688430786	2.4726972579956055	2048	2048	111.97134566307068	11.509663581848145	4.6047704219818115	1.5818078517913818	1.5362040996551514	1.2378532886505127	1	1	22.24313735961914	219.04822254180908	512	2048	2048	2048	2048	2048	2048	2048	2048	2048	2048	2048	2048	2048	2048	1
erlang.5000-10-5.MultiPos	ma	modest	M	2obj	512	512	512	2048	2048	1024	1024	512	512	396.587274312973	399.4370765686035	6.98865270614624	66.29128742218018	1024	1024	1024	2048	2048	2048	2048	2048	2048	2048	2048	2048	2048	2048	2048	2048	2048	6.98865270614624
erlang.5000-100-5.MultiPos	ma	modest	M	2obj	1024	1024	1024	2048	2048	1024	1024	1024	1024	1024	1024	512	1024	1024	1024	1024	2048	2048	2048	2048	2048	2048	2048	2048	2048	2048	2048	2048	2048	2048	512
erlang.5000-100-50.MultiPos	ma	modest	M	2obj	1024	1024	1024	2048	2048	1024	1024	1024	1024	1024	1024	1024	1024	1024	1024	1024	2048	2048	2048	2048	2048	2048	2048	2048	2048	2048	2048	2048	2048	2048	2048
erlang.10-10-5.MultiNeg	ma	modest	M	2obj	1	1	1	2048	2048	1	1	1	1	1	1	1	1	1	1	1	2048	2048	2048	2048	2048	2048	2048	2048	2048	2048	2048	2048	2048	2048	1
erlang.5000-10-5.MultiNeg	ma	modest	M	2obj	1	1	1	2048	2048	1	1	1	1	1	1	1	1	1	1	1	2048	2048	2048	2048	2048	2048	2048	2048	2048	2048	2048	2048	2048	2048	1
erlang.5000-100-5.MultiNeg	ma	modest	M	2obj	1	1	1	2048	2048	1	1	1	1	1	1	1	1	1	1	1	2048	2048	2048	2048	2048	2048	2048	2048	2048	2048	2048	2048	2048	2048	1
erlang.5000-100-50.MultiNeg	ma	modest	M	2obj	1	1	1	2048	2048	1	1	1	1	1	1	1	1	1	1	1	2048	2048	2048	2048	2048	2048	2048	2048	2048	2048	2048	2048	2048	2048	1
ftwc.4-5.Multi	ma	modest	M	3obj	39.631993532180786	1024	1024	2048	2048	1024	1024	1024	1024	1024	1024	1024	1024	1024	1024	1024	2048	2048	2048	2048	2048	2048	2048	2048	2048	2048	2048	2048	2048	2048	39.631993532180786
ftwc.8-5.Multi	ma	modest	M	3obj	150.20692420005798	1024	1024	2048	2048	1024	1024	1024	1024	1024	1024	1024	1024	1024	1024	1024	2048	2048	2048	2048	2048	2048	2048	2048	2048	2048	2048	2048	2048	2048	150.20692420005798
jobs.5-2.multi	ma	prism-ma	M	3obj	38.70121884346008	25.11130690574646	24.76072669029236	2048	2048	108.34498596191406	24.640862226486206	24.269213914871216	61.574843883514404	72.34668159484863	89.94080090522766	1	1	1024	1024	1024	2048	2048	2048	2048	2048	2048	2048	2048	2048	2048	2048	2048	2048	2048	1
jobs.10-3.multi	ma	prism-ma	M	3obj	512	512	512	2048	2048	1024	1024	1024	512	512	512	3.1979503631591797	46.636075019836426	1024	1024	1024	2048	2048	2048	2048	2048	2048	2048	2048	2048	2048	2048	2048	2048	2048	3.1979503631591797
jobs.15-3.multi	ma	prism-ma	M	3obj	1024	1024	1024	2048	2048	1024	1024	1024	1024	1024	1024	512	1024	1024	1024	1024	2048	2048	2048	2048	2048	2048	2048	2048	2048	2048	2048	2048	2048	2048	512
polling-system.3-3-5.Multi	ma	modest	M	3obj	1024	1024	1024	2048	2048	1024	1024	1024	512	1024	512	52.67188882827759	512	1024	1024	1024	2048	2048	2048	2048	2048	2048	2048	2048	2048	2048	2048	2048	2048	2048	52.67188882827759
reentrant-queues.3-3-3-5.Multi	ma	modest	M	3obj	1024	1024	1024	2048	2048	1024	1024	1024	1024	1024	1024	144.64104652404785	512	1024	1024	1024	2048	2048	2048	2048	2048	2048	2048	2048	2048	2048	2048	2048	2048	2048	144.64104652404785
stream.10.multi	ma	prism-ma	M	3obj	512	512	512	2048	2048	1024	512	512	512	1024	1024	1	12.644438028335571	1024	1024	1024	2048	2048	2048	2048	2048	2048	2048	2048	2048	2048	2048	2048	2048	2048	1
stream.100.multi	ma	prism-ma	M	3obj	1024	1024	1024	2048	2048	1024	1024	1024	1024	1024	1024	10.943520784378052	358.9253695011139	1024	1024	1024	2048	2048	2048	2048	2048	2048	2048	2048	2048	2048	2048	2048	2048	2048	10.943520784378052
stream.500.multi	ma	prism-ma	M	3obj	1024	1024	1024	2048	2048	1024	1024	1024	1024	1024	1024	512	1024	1024	1024	1024	2048	2048	2048	2048	2048	2048	2048	2048	2048	2048	2048	2048	2048	2048	512
stream.1000.multi	ma	prism-ma	M	3obj	1024	1024	1024	2048	2048	1024	1024	1024	1024	1024	1024	512	1024	1024	1024	1024	2048	2048	2048	2048	2048	2048	2048	2048	2048	2048	2048	2048	2048	2048	512
avoid-mdp.15-0.2.multi	mdp	prism	M	2obj	73.5651843547821	512	512	1024	1024	1024	512	1024	512	512	512	512	512	512	1024	1024	2048	2048	2048	2048	2048	2048	2048	2048	2048	2048	2048	2048	2048	2048	73.5651843547821
avoid-mdp.20-0.2.multi	mdp	prism	M	2obj	219.42782378196716	1024	1024	1024	1024	1024	1024	1024	1024	1024	1024	1024	1024	1024	1024	1024	2048	2048	2048	2048	2048	2048	2048	2048	2048	2048	2048	2048	2048	2048	219.42782378196716
avoid-mdp.25-0.2.multi	mdp	prism	M	2obj	512	1024	1024	1024	1024	1024	1024	1024	1024	1024	1024	1024	1024	1024	1024	1024	2048	2048	2048	2048	2048	2048	2048	2048	2048	2048	2048	2048	2048	2048	512
avoid-mdp.35-0.0.multi	mdp	prism	M	2obj	1024	1024	1024	1024	1024	1024	1024	1024	1024	1024	1024	1024	1024	1024	1024	1024	2048	2048	2048	2048	2048	2048	2048	2048	2048	2048	2048	2048	2048	2048	2048
avoid-mdp.35-0.2.multi	mdp	prism	M	2obj	1024	1024	1024	1024	1024	1024	1024	1024	1024	1024	1024	1024	1024	1024	1024	1024	2048	2048	2048	2048	2048	2048	2048	2048	2048	2048	2048	2048	2048	2048	2048
avoid-mdp.40-0.0.multi	mdp	prism	M	2obj	1024	1024	1024	1024	1024	1024	1024	1024	1024	1024	1024	1024	1024	1024	1024	1024	1024	1024	1024	1024	1024	1024	1024	1024	1024	1024	1024	1024	1024	1024	2048
avoid-mdp.40-0.2.multi	mdp	prism	M	2obj	1024	1024	1024	1024	1024	1024	1024	1024	1024	1024	1024	1024	1024	1024	1024	1024	1024	1024	1024	1024	1024	1024	1024	1024	1024	1024	1024	1024	1024	1024	2048
care-home.0-0.social	mdp	prism	M	2obj	1.7445013523101807	2048	2048	5.817516326904297	1024	2048	2048	2048	2048	2048	2048	2048	2048	2048	2048	2048	2048	2048	2048	2048	2048	2048	2048	2048	2048	2048	2048	2048	2048	2048	1.7445013523101807
care-home.1-160.social	mdp	prism	M	2obj	163.8038420677185	2048	2048	497.960768699646	1024	2048	2048	2048	2048	2048	2048	2048	2048	2048	2048	2048	2048	2048	2048	2048	2048	2048	2048	2048	2048	2048	2048	2048	2048	2048	163.8038420677185
care-home.0-0.efficient_bounded	mdp	prism	M	2obj	1	1	1024	1.3899788856506348	1024	1	1	1	1	1	1	1	1	1	1	1	2048	2048	2048	2048	2048	2048	2048	2048	2048	2048	2048	2048	2048	2048	1
care-home.1-160.efficient_bounded	mdp	prism	M	2obj	1024	1024	1024	1024	1024	1024	1024	1024	1024	1024	1024	512	512	1024	1024	1024	2048	2048	2048	2048	2048	2048	2048	2048	2048	2048	2048	2048	2048	2048	512
care-home.0-0.efficient	mdp	prism	M	2obj	1	1	1	1	1024	1	1	1	1	1	1	1	1	1	1	1	1	1	1.0094642639160156	1.0192410945892334	1.0210330486297607	1	1	1	1	1	1	1	1	1	1
care-home.1-160.efficient	mdp	prism	M	2obj	134.72171878814697	150.4067029953003	149.34233379364014	357.7214901447296	1024	139.325763463974	151.75952529907227	152.50333094596863	246.14243507385254	165.39523768424988	131.30648803710938	94.4083604812622	113.68877029418945	238.81694388389587	508.3596246242523	512	2048	2048	2048	2048	2048	2048	2048	2048	2048	2048	2048	2048	2048	2048	94.4083604812622
client-server.3.qual1	mdp	prism	M	3obj	1	1	1	2048	2048	1	1	1	1	1	1	1	1	1	1	1	2048	2048	2048	2048	2048	2048	2048	2048	2048	2048	2048	2048	2048	2048	1
client-server.4.qual1	mdp	prism	M	ge4obj	1	1	1	2048	2048	1	1	1	1	1	1	1	1	1	1	1	2048	2048	2048	2048	2048	2048	2048	2048	2048	2048	2048	2048	2048	2048	1
client-server.5.qual1	mdp	prism	M	ge4obj	1	1	1	2048	2048	1	1	1	1	1	1	1	1	1	1	1	2048	2048	2048	2048	2048	2048	2048	2048	2048	2048	2048	2048	2048	2048	1
client-server.3.qual2	mdp	prism	M	3obj	1	1	1	2048	2048	1	1	1	1	1	1	1	1	1	1	1	2048	2048	2048	2048	2048	2048	2048	2048	2048	2048	2048	2048	2048	2048	1
client-server.4.qual2	mdp	prism	M	ge4obj	1	1	1	2048	2048	1	1	1	1	1	1	1	1	1	1	1	2048	2048	2048	2048	2048	2048	2048	2048	2048	2048	2048	2048	2048	2048	1
client-server.5.qual2	mdp	prism	M	ge4obj	1	1	1	2048	2048	1	1	1	1	1	1	1	1	1	1	1	2048	2048	2048	2048	2048	2048	2048	2048	2048	2048	2048	2048	2048	2048	1
client-server.3.quant	mdp	prism	M	3obj	1	1	1	2048	2048	1	1	1	1	1	1	1	1	1	1	1	2048	2048	2048	2048	2048	2048	2048	2048	2048	2048	2048	2048	2048	2048	1
client-server.4.quant	mdp	prism	M	ge4obj	1	1	1	2048	2048	1	1	1	1	1	1	1	1	1	1	1	2048	2048	2048	2048	2048	2048	2048	2048	2048	2048	2048	2048	2048	2048	1
client-server.5.quant	mdp	prism	M	ge4obj	1	1	1	2048	2048	1	1	1	1	1	1	1	1	1	1	1	2048	2048	2048	2048	2048	2048	2048	2048	2048	2048	2048	2048	2048	2048	1
client-server.3.pareto	mdp	prism	M	3obj	1	1	1	2048	2048	1	1	1	1	1	1	1	1	1	1	1	2048	2048	2048	2048	2048	2048	2048	2048	2048	2048	2048	2048	2048	2048	1
client-server.4.pareto	mdp	prism	M	ge4obj	148.5589656829834	1024	1024	2048	2048	1024	1024	1024	1024	1024	1024	70.2420425415039	512	1024	1024	1024	2048	2048	2048	2048	2048	2048	2048	2048	2048	2048	2048	2048	2048	2048	70.2420425415039
client-server.5.pareto	mdp	prism	M	ge4obj	1024	1024	1024	2048	2048	1024	1024	1024	1024	1024	1024	1024	1024	1024	1024	1024	2048	2048	2048	2048	2048	2048	2048	2048	2048	2048	2048	2048	2048	2048	2048
consensus.2-2.multi_pos	mdp	prism	M	2obj	1	1	1	1	1024	1	1	1	1	1	1	1	1	1	1	1	1	1	1	1	1	1	1	1	1	1	1	1	1	1	1
consensus.2-4.multi_pos	mdp	prism	M	2obj	1	1	1	1	1024	1	1	1	1	1	1	1	1	1	1	1	1	1	1	1	1	1	1	1	1	1	1	1	1	1	1
consensus.2-8.multi_pos	mdp	prism	M	2obj	1	1	1	1	1024	1	1	1	1	1	1	1	1	1	1	1	1	1	1	1	1	1	1	1	1	1	1	1	1	1	1
consensus.2-16.multi_pos	mdp	prism	M	2obj	1	1.0033714771270752	1.1223726272583008	1	1024	1.1306920051574707	1.2873573303222656	1.2391233444213867	1.2217512130737305	1	1	1.051159381866455	1.0473747253417969	1.2512335777282715	1.295093297958374	1.3746211528778076	1.345945119857788	1.1574194431304932	1.0657227039337158	1.0259625911712646	1	1.1720035076141357	1.2054085731506348	1.0744946002960205	1.0739636421203613	1.0562424659729004	1.0757052898406982	1.2014141082763672	1.061854362487793	1.1043341159820557	1
consensus.4-2.multi_pos	mdp	prism	M	2obj	1	1	1	1.786165714263916	1024	1	1	1	1	1	1	1	1	1	1	1	1.6220672130584717	1.1739814281463623	1.3780708312988281	1.2867341041564941	1.300408124923706	1.3256981372833252	1.3194429874420166	1.282071828842163	1.3428971767425537	1.1479341983795166	1.253939151763916	1.6431102752685547	1.3790953159332275	1.4850316047668457	1
consensus.4-4.multi_pos	mdp	prism	M	2obj	1	3.080526351928711	5.366391181945801	4.012727975845337	1024	3.5560200214385986	3.2709500789642334	3.149914264678955	3.0331192016601562	2.997812271118164	2.9839985370635986	2.453737735748291	2.8615875244140625	3.3763933181762695	3.7741570472717285	4.083679914474487	6.0732011795043945	2.998178720474243	4.744787216186523	4.3470118045806885	4.1757590770721436	4.135771036148071	4.040202856063843	3.9925873279571533	4.028120994567871	3.349669933319092	3.7764744758605957	4.493265151977539	4.948267936706543	4.842887878417969	1
consensus.6-2.multi_pos	mdp	prism	M	2obj	57.40990948677063	91.10211682319641	124.70852375030518	1024	1024	98.8456437587738	93.25879001617432	91.04687333106995	89.64879655838013	89.33799958229065	92.91021680831909	80.92069172859192	85.3091208934784	98.14540004730225	128.23122692108154	122.05073761940002	210.95648193359375	76.40882277488708	120.92952513694763	110.77590537071228	107.55628228187561	106.78966856002808	106.84725427627563	105.99938774108887	105.3407793045044	95.54763889312744	97.08129453659058	118.47507524490356	129.3709237575531	133.9990532398224	57.40990948677063
consensus.8-2.multi_pos	mdp	prism	M	2obj	1024	1024	1024	1024	1024	1024	1024	1024	1024	1024	1024	1024	1024	1024	1024	1024	1024	1024	1024	1024	1024	1024	1024	1024	1024	1024	1024	1024	1024	1024	2048
consensus.10-2.multi_pos	mdp	prism	M	2obj	1024	1024	1024	1024	1024	1024	1024	1024	1024	1024	1024	1024	1024	1024	1024	1024	1024	1024	1024	1024	1024	1024	1024	1024	1024	1024	1024	1024	1024	1024	2048
consensus.2-2.multi_neg	mdp	prism	M	2obj	1	1	1	1	1024	1	1	1	1	1	1	1	1	1	1	1	1	1	1	1	1	1	1	1	1	1	1	1	1	1	1
consensus.2-4.multi_neg	mdp	prism	M	2obj	1	1	1	1	1024	1	1	1	1	1	1	1	1	1	1	1	1	1	1	1	1	1	1	1	1	1	1	1	1	1	1
consensus.2-8.multi_neg	mdp	prism	M	2obj	1	1	1	1	1024	1	1	1	1	1	1	1	1	1	1	1	1	1	1	1	1	1	1	1	1	1	1	1	1	1	1
consensus.2-16.multi_neg	mdp	prism	M	2obj	1	2.369335889816284	2.3953754901885986	1	1024	2.2102420330047607	2.1427884101867676	2.1445531845092773	2.0699539184570312	2.011824607849121	1.965712070465088	1.2163898944854736	1.9178354740142822	2.384061098098755	2.492710828781128	2.5510165691375732	1.707395315170288	1	1.6210126876831055	1.5898914337158203	1.6087861061096191	1.3959336280822754	1.455106496810913	1.4597296714782715	1.5068392753601074	1.1191518306732178	1.3752021789550781	1.5460903644561768	1.7319231033325195	1.7718348503112793	1
consensus.4-2.multi_neg	mdp	prism	M	2obj	1.5884649753570557	2.3928253650665283	3.572831630706787	6.200225353240967	1024	3.003296375274658	2.917293071746826	2.8100216388702393	2.8081700801849365	2.322047233581543	2.340423345565796	1.331078052520752	2.311420440673828	2.5315189361572266	2.760291814804077	2.9373581409454346	3.0441231727600098	1024	3.0360379219055176	2.9942848682403564	3.0372962951660156	3.0842413902282715	3.076648235321045	3.015378713607788	2.954657793045044	1.511763572692871	1.9280309677124023	2.917243242263794	3.064953088760376	3.276921033859253	1.331078052520752
consensus.4-4.multi_neg	mdp	prism	M	2obj	2.15556001663208	19.973023176193237	26.855507135391235	16.849717378616333	1024	17.54762578010559	16.575841903686523	16.25467562675476	18.76605796813965	18.60702657699585	21.42036247253418	9.311904668807983	16.501410722732544	22.87148380279541	24.762828826904297	26.011767387390137	13.012704610824585	1024	12.993482828140259	14.312497854232788	11.238314628601074	13.161916732788086	11.215421915054321	12.62576699256897	11.530365705490112	5.634805679321289	10.294132947921753	14.375619173049927	15.25981855392456	17.19476866722107	2.15556001663208
consensus.6-2.multi_neg	mdp	prism	M	2obj	249.63235330581665	512	512	1024	1024	512	512	512	512	512	512	348.3860504627228	385.27255296707153	512	512	512	512	1024	512	480.56842279434204	475.2370457649231	456.69946813583374	464.2046718597412	453.9319517612457	452.70436358451843	255.25800156593323	272.1932144165039	476.11760568618774	512	512	249.63235330581665
consensus.8-2.multi_neg	mdp	prism	M	2obj	1024	1024	1024	1024	1024	1024	1024	1024	1024	1024	1024	1024	1024	1024	1024	1024	1024	1024	1024	1024	1024	1024	1024	1024	1024	1024	1024	1024	1024	1024	2048
consensus.10-2.multi_neg	mdp	prism	M	2obj	1024	1024	1024	1024	1024	1024	1024	1024	1024	1024	1024	1024	1024	1024	1024	1024	1024	1024	1024	1024	1024	1024	1024	1024	1024	1024	1024	1024	1024	1024	2048
csma.2-2.multi_pos	mdp	prism	M	2obj	1	1	1	1	1024	1	1	1	1	1	1	1	1	1	1	1	1	1	1	1	1	1	1	1	1	1	1	1	1	1	1
csma.2-4.multi_pos	mdp	prism	M	2obj	1	1	1	1	1024	1	1	1	1	1	1	1	1	1	1	1	1	1	1	1	1	1	1	1	1	1	1	1	1	1	1
csma.2-6.multi_pos	mdp	prism	M	2obj	1	1	1.2677524089813232	1.984443187713623	1024	1	1	1	1	1	1	1	1	1	1	1	1.8030879497528076	1.2336318492889404	1.7064886093139648	1.6475746631622314	1.6761012077331543	1.6371090412139893	1.5806727409362793	1.5651919841766357	1.5780305862426758	1.4962043762207031	1.562669277191162	1.6881039142608643	1.6451380252838135	1.7048733234405518	1
csma.3-2.multi_pos	mdp	prism	M	2obj	1	1	1	1.085444450378418	1024	1	1	1	1	1	1	1	1	1	1	1	1.0376605987548828	1	1.0030310153961182	1	1	1.0931487083435059	1.0986855030059814	1.150909662246704	1.1215267181396484	1.0661275386810303	1	1	1	1	1
csma.3-4.multi_pos	mdp	prism	M	2obj	36.970924615859985	43.21509075164795	46.774856090545654	108.4070074558258	1024	44.7137815952301	45.968886852264404	40.34382891654968	40.59676122665405	40.953468799591064	41.936588287353516	46.74671149253845	48.56602501869202	52.37844181060791	57.226646423339844	68.57511401176453	18.308934926986694	8.213468074798584	14.05941891670227	13.479479551315308	12.7758469581604	12.743948698043823	12.645876407623291	12.052895307540894	11.96011209487915	11.22648024559021	12.414570331573486	27.441812992095947	35.50074100494385	57.047279596328735	8.213468074798584
csma.3-6.multi_pos	mdp	prism	M	2obj	1024	1024	1024	1024	1024	1024	1024	1024	1024	1024	1024	1024	1024	1024	1024	1024	1024	1024	1024	1024	1024	1024	1024	1024	1024	1024	1024	1024	1024	1024	2048
csma.4-2.multi_pos	mdp	prism	M	2obj	18.36810040473938	19.254831552505493	21.633737802505493	86.37638759613037	1024	18.985796689987183	18.908621788024902	18.670019149780273	18.951218366622925	19.203731060028076	19.01992416381836	14.717917203903198	19.350462675094604	19.39169144630432	19.194079160690308	19.179919481277466	15.059804916381836	9.165468215942383	11.957807064056396	11.589901208877563	13.37041687965393	13.267932653427124	15.378111839294434	11.779442071914673	11.679289102554321	6.724053859710693	9.608721733093262	12.566689252853394	12.092175722122192	12.37350344657898	6.724053859710693
csma.4-4.multi_pos	mdp	prism	M	2obj	1024	1024	1024	1024	1024	1024	1024	1024	1024	1024	1024	1024	1024	1024	1024	1024	1024	1024	1024	1024	1024	1024	1024	1024	1024	1024	1024	1024	1024	1024	2048
csma.4-6.multi_pos	mdp	prism	M	2obj	1024	1024	1024	1024	1024	1024	1024	1024	1024	1024	1024	1024	1024	1024	1024	1024	1024	1024	1024	1024	1024	1024	1024	1024	1024	1024	1024	1024	1024	1024	2048
csma.2-2.multi_neg	mdp	prism	M	3obj	1	1	1	1	1024	1	1	1	1	1	1	1	1	1	1	1	1	1	1	1	1	1	1	1	1	1	1	1	1	1	1
csma.2-4.multi_neg	mdp	prism	M	3obj	1	1	1	1	1024	1	1	1	1	1	1	1	1	1	1	1	1	1	1	1	1	1	1	1	1	1	1	1	1	1	1
csma.2-6.multi_neg	mdp	prism	M	3obj	1	1	1.7255983352661133	2.278803825378418	1024	1	1	1	1	1	1	1	1	1	1	1	2.778395652770996	1.6758019924163818	2.716442584991455	3.3521265983581543	3.3461191654205322	3.270496368408203	2.6927571296691895	2.7892308235168457	3.131049156188965	2.278573989868164	2.394577980041504	2.6039679050445557	2.759521961212158	2.805025339126587	1
csma.3-2.multi_neg	mdp	prism	M	3obj	1	1	1	1.5393939018249512	1024	1	1	1	1	1	1	1	1	1	1	1	1.344585657119751	1.0356531143188477	1.2325718402862549	1.2226123809814453	1.1969504356384277	1.1712522506713867	1.1986308097839355	1.1997499465942383	1.3584303855895996	1.175917148590088	1.1897802352905273	1.1717031002044678	1.2452895641326904	1.2259228229522705	1
csma.3-4.multi_neg	mdp	prism	M	3obj	47.75344800949097	51.5747857093811	58.524959325790405	132.32321453094482	1024	51.10460615158081	51.169280767440796	50.8475546836853	50.130489349365234	56.64711380004883	57.848199129104614	56.898683309555054	56.898766040802	82.5299882888794	109.77115988731384	212.42005610466003	37.67530179023743	19.982313632965088	31.784857511520386	33.10864329338074	23.706831693649292	23.663014888763428	25.207995176315308	25.196654319763184	25.110430240631104	22.809146642684937	23.17398166656494	67.26089143753052	96.83617448806763	230.16343426704407	19.982313632965088
csma.3-6.multi_neg	mdp	prism	M	3obj	1024	1024	1024	1024	1024	1024	1024	1024	1024	1024	1024	1024	1024	1024	1024	1024	1024	1024	1024	1024	1024	1024	1024	1024	1024	1024	1024	1024	1024	1024	2048
csma.4-2.multi_neg	mdp	prism	M	3obj	27.213530778884888	28.2809841632843	36.27477407455444	194.19257616996765	1024	27.000577926635742	27.216819286346436	32.413004636764526	27.5553936958313	27.38939619064331	27.5587637424469	21.85291600227356	24.036901235580444	28.14988112449646	28.161985635757446	28.049067974090576	36.123517751693726	19.36581301689148	23.56025767326355	23.098151445388794	21.179401636123657	22.7400164604187	22.48346447944641	54.348024129867554	42.576481342315674	11.305992603302002	21.448837757110596	32.14509105682373	33.26423931121826	33.13016057014465	11.305992603302002
csma.4-4.multi_neg	mdp	prism	M	3obj	1024	1024	1024	1024	1024	1024	1024	1024	1024	1024	1024	1024	1024	1024	1024	1024	1024	1024	1024	1024	1024	1024	1024	1024	1024	1024	1024	1024	1024	1024	2048
csma.4-6.multi_neg	mdp	prism	M	3obj	1024	1024	1024	1024	1024	1024	1024	1024	1024	1024	1024	1024	1024	1024	1024	1024	1024	1024	1024	1024	1024	1024	1024	1024	1024	1024	1024	1024	1024	1024	2048
eajs.2-100-5.Multi	mdp	prism	M	2obj	1	1	1	1.159782886505127	1024	1	1	1	1	1	1	1	1	1	1	1	1	1	1	1	1	1	1	1	1	1	1	1	1	1	1
eajs.3-150-7.Multi	mdp	prism	M	2obj	2.288086175918579	2.2746148109436035	2.2994441986083984	13.763189554214478	1024	2.726489543914795	2.7697763442993164	2.6664199829101562	2.699240207672119	2.7306265830993652	2.590467691421509	2.59305477142334	2.5920419692993164	2.4118995666503906	2.734598159790039	2.7126667499542236	1.3884954452514648	1.0953807830810547	1.296386480331421	1.2996580600738525	1.1692748069763184	1.1576757431030273	1.1820847988128662	1.2347862720489502	1.2274351119995117	1.282822608947754	1.2593529224395752	1.3059310913085938	1.215672254562378	1.138089895248413	1.0953807830810547
eajs.4-200-9.Multi	mdp	prism	M	2obj	21.840920448303223	22.32012414932251	27.01347279548645	102.19385266304016	1024	21.228248357772827	21.622973203659058	21.700297594070435	23.91542077064514	21.33662486076355	23.926458835601807	20.749531030654907	20.524975299835205	33.752753019332886	70.05900955200195	166.46905851364136	6.819818019866943	3.5912089347839355	8.635634183883667	4.097050428390503	4.086536407470703	4.083882093429565	4.959872245788574	4.291516304016113	4.240244626998901	4.279541969299316	4.229308366775513	4.290388822555542	4.258373498916626	4.383516788482666	3.5912089347839355
eajs.5-250-11.Multi	mdp	prism	M	2obj	146.40266513824463	128.29281759262085	146.36618947982788	452.0955421924591	1024	140.44911742210388	143.5040295124054	122.67604064941406	122.2397449016571	124.91184854507446	143.26052927970886	141.47776222229004	143.9761402606964	204.48440861701965	365.42106199264526	512	35.08370804786682	11.873006582260132	18.3080792427063	17.813612937927246	18.549960136413574	18.590030908584595	21.851694345474243	18.155664920806885	18.04948139190674	21.73513650894165	17.9470157623291	18.030210256576538	18.03161644935608	17.983275175094604	11.873006582260132
eajs.6-300-13.Multi	mdp	prism	M	2obj	512	512	512	1024	1024	512	512	512	512	512	512	512	512	512	512	512	82.44821453094482	30.280606269836426	55.61907649040222	56.13903045654297	67.95552945137024	62.19242191314697	57.51083970069885	62.97154402732849	62.91068434715271	56.216233253479004	56.382484674453735	56.33129930496216	62.716973304748535	62.67028999328613	30.280606269836426
firewire.false-3-200.multi_pos	mdp	prism	M	2obj	1	1	1	1	1	1	1	1	1	1	1	1	1	1	1	1	2048	2048	2048	2048	2048	2048	2048	2048	2048	2048	2048	2048	2048	2048	1
firewire.false-3-400.multi_pos	mdp	prism	M	2obj	1	1	1	1	1	1	1	1	1	1	1	1	1	1	1	1	2048	2048	2048	2048	2048	2048	2048	2048	2048	2048	2048	2048	2048	2048	1
firewire.false-3-600.multi_pos	mdp	prism	M	2obj	1	1	1	1	1	1	1	1	1	1	1	1	1	1	1	1	2048	2048	2048	2048	2048	2048	2048	2048	2048	2048	2048	2048	2048	2048	1
firewire.false-3-800.multi_pos	mdp	prism	M	2obj	1	1	1	1	1	1	1	1	1	1	1	1	1	1	1	1	2048	2048	2048	2048	2048	2048	2048	2048	2048	2048	2048	2048	2048	2048	1
firewire.false-36-200.multi_pos	mdp	prism	M	2obj	5.9825544357299805	2.641582489013672	2.7132413387298584	10.53978157043457	10.553938388824463	4.306707143783569	3.88016939163208	2.976956844329834	2.9769184589385986	3.3628790378570557	3.263249397277832	2.5718419551849365	2.970360517501831	2.9703609943389893	3.025728940963745	2.987154245376587	2048	2048	2048	2048	2048	2048	2048	2048	2048	2048	2048	2048	2048	2048	2.5718419551849365
firewire.false-36-400.multi_pos	mdp	prism	M	2obj	5.841565847396851	2.7497847080230713	2.7502248287200928	9.802951097488403	9.19669795036316	2.461439847946167	2.474506139755249	2.5195040702819824	2.5243234634399414	4.358053684234619	2.931640386581421	3.069793701171875	3.5582242012023926	3.545992374420166	3.560701370239258	3.5705745220184326	2048	2048	2048	2048	2048	2048	2048	2048	2048	2048	2048	2048	2048	2048	2.461439847946167
firewire.false-36-600.multi_pos	mdp	prism	M	2obj	6.045710563659668	2.6460938453674316	3.0399484634399414	10.345592498779297	9.289561986923218	4.357757329940796	2.470428943634033	2.6371257305145264	2.6015591621398926	2.477419376373291	2.4410994052886963	2.6385321617126465	2.5207293033599854	2.5206077098846436	2.6126835346221924	2.622027635574341	2048	2048	2048	2048	2048	2048	2048	2048	2048	2048	2048	2048	2048	2048	2.4410994052886963
firewire.false-36-800.multi_pos	mdp	prism	M	2obj	7.398696660995483	3.2434616088867188	3.1728057861328125	10.818530797958374	11.902109861373901	3.464043378829956	2.867806911468506	2.6708335876464844	2.6587750911712646	2.935178518295288	3.148721218109131	3.1481473445892334	2.9576048851013184	2.9254400730133057	3.118304967880249	3.115072727203369	2048	2048	2048	2048	2048	2048	2048	2048	2048	2048	2048	2048	2048	2048	2.6587750911712646
firewire.true-3-200.multi_pos	mdp	prism	M	2obj	1.9329710006713867	1	1	2.489701747894287	2.5155675411224365	1	1	1	1	1	1	1	1	1	1	1	2048	2048	2048	2048	2048	2048	2048	2048	2048	2048	2048	2048	2048	2048	1
firewire.true-3-400.multi_pos	mdp	prism	M	2obj	11.242485284805298	4.515734672546387	5.084022760391235	14.001502275466919	15.43108582496643	5.754662990570068	4.547776222229004	4.645120143890381	4.753483533859253	4.698179244995117	4.603549003601074	4.659365653991699	4.664984941482544	4.638737440109253	4.61902379989624	5.402600288391113	2048	2048	2048	2048	2048	2048	2048	2048	2048	2048	2048	2048	2048	2048	4.515734672546387
firewire.true-3-600.multi_pos	mdp	prism	M	2obj	36.32111620903015	16.174914121627808	17.600019216537476	43.807700872421265	43.710432052612305	14.26626467704773	14.269821643829346	14.134880304336548	13.628849983215332	14.318896055221558	14.331022024154663	14.312813520431519	14.073785543441772	14.104835033416748	13.983933448791504	13.644190549850464	2048	2048	2048	2048	2048	2048	2048	2048	2048	2048	2048	2048	2048	2048	13.628849983215332
firewire.true-3-800.multi_pos	mdp	prism	M	2obj	62.65777897834778	29.615541458129883	35.74732232093811	70.02107405662537	70.20366978645325	29.331175327301025	29.39029812812805	29.299795389175415	29.200505018234253	29.909790515899658	29.88258147239685	29.93783450126648	28.809383153915405	29.819390535354614	29.730851411819458	29.868516206741333	2048	2048	2048	2048	2048	2048	2048	2048	2048	2048	2048	2048	2048	2048	28.809383153915405
firewire.true-36-200.multi_pos	mdp	prism	M	2obj	448.518842458725	326.6101248264313	337.86814975738525	1024	1024	337.30383706092834	337.6187641620636	334.71368432044983	333.8771011829376	334.46558690071106	320.64710116386414	320.74099826812744	319.6920471191406	320.3757555484772	319.3072040081024	345.2344880104065	2048	2048	2048	2048	2048	2048	2048	2048	2048	2048	2048	2048	2048	2048	319.3072040081024
firewire.true-36-400.multi_pos	mdp	prism	M	2obj	1024	1024	1024	1024	1024	1024	1024	1024	1024	1024	1024	1024	1024	1024	1024	1024	2048	2048	2048	2048	2048	2048	2048	2048	2048	2048	2048	2048	2048	2048	2048
firewire.true-36-600.multi_pos	mdp	prism	M	2obj	1024	1024	1024	1024	1024	1024	1024	1024	1024	1024	1024	1024	1024	1024	1024	1024	1024	1024	1024	1024	1024	1024	1024	1024	1024	1024	1024	1024	1024	1024	2048
firewire.true-36-800.multi_pos	mdp	prism	M	2obj	1024	1024	1024	1024	1024	1024	1024	1024	1024	1024	1024	1024	1024	1024	1024	1024	1024	1024	1024	1024	1024	1024	1024	1024	1024	1024	1024	1024	1024	1024	2048
firewire.false-3-200.multi_neg	mdp	prism	M	3obj	1.3958172798156738	1.6424753665924072	2.1459381580352783	7.254568815231323	1024	1.8124828338623047	1.6813507080078125	1.6938772201538086	1.512746810913086	1.8269648551940918	1.516329050064087	1.7050390243530273	1.6897602081298828	1.487933874130249	1.4902901649475098	1.5219790935516357	2048	2048	2048	2048	2048	2048	2048	2048	2048	2048	2048	2048	2048	2048	1.3958172798156738
firewire.false-3-400.multi_neg	mdp	prism	M	3obj	2.956493377685547	3.2183327674865723	3.6068103313446045	17.372300624847412	1024	3.612398862838745	3.6222589015960693	3.606477737426758	3.603976011276245	3.6402323246002197	3.6260435581207275	2.566087245941162	2.563544988632202	2.9294965267181396	2.5522665977478027	2.9787564277648926	2048	2048	2048	2048	2048	2048	2048	2048	2048	2048	2048	2048	2048	2048	2.5522665977478027
firewire.false-3-600.multi_neg	mdp	prism	M	3obj	4.108083486557007	4.5947585105896	5.8754096031188965	27.13084125518799	1024	4.806935787200928	4.438294172286987	4.999797105789185	5.151597023010254	5.141998291015625	4.531618595123291	3.9331555366516113	4.493733644485474	5.152827262878418	5.178194522857666	5.153181791305542	2048	2048	2048	2048	2048	2048	2048	2048	2048	2048	2048	2048	2048	2048	3.9331555366516113
firewire.false-3-800.multi_neg	mdp	prism	M	3obj	4.455073595046997	4.796827793121338	5.885901689529419	30.89501714706421	1024	4.801589250564575	4.775669097900391	4.799728631973267	4.783701658248901	4.795450210571289	4.803892612457275	4.781330108642578	4.812566518783569	5.602991819381714	5.978763103485107	5.918657541275024	2048	2048	2048	2048	2048	2048	2048	2048	2048	2048	2048	2048	2048	2048	4.455073595046997
firewire.false-36-200.multi_neg	mdp	prism	M	3obj	287.9147672653198	318.38860154151917	512	512	1024	305.87970757484436	305.9369511604309	320.06494975090027	333.79907846450806	345.88531589508057	332.05946040153503	162.45745754241943	241.01529550552368	346.8239052295685	346.1813726425171	416.44311785697937	2048	2048	2048	2048	2048	2048	2048	2048	2048	2048	2048	2048	2048	2048	162.45745754241943
firewire.false-36-400.multi_neg	mdp	prism	M	3obj	512	512	512	1024	1024	512	512	512	512	512	512	485.0824682712555	512	512	512	512	2048	2048	2048	2048	2048	2048	2048	2048	2048	2048	2048	2048	2048	2048	485.0824682712555
firewire.false-36-600.multi_neg	mdp	prism	M	3obj	512	512	512	1024	1024	512	512	512	512	512	512	457.73350048065186	512	512	512	512	2048	2048	2048	2048	2048	2048	2048	2048	2048	2048	2048	2048	2048	2048	457.73350048065186
firewire.false-36-800.multi_neg	mdp	prism	M	3obj	512	512	512	1024	1024	512	512	512	512	512	512	512	512	512	1024	1024	2048	2048	2048	2048	2048	2048	2048	2048	2048	2048	2048	2048	2048	2048	512
firewire.true-3-200.multi_neg	mdp	prism	M	3obj	1.2690281867980957	1.633434534072876	9.150581359863281	4.9189677238464355	1024	2.3500075340270996	1.8515684604644775	1.8192293643951416	2.447268009185791	1.7053565979003906	1.92392897605896	1.806187629699707	1.8379769325256348	1.891366720199585	2.707078456878662	1.8428726196289062	2048	2048	2048	2048	2048	2048	2048	2048	2048	2048	2048	2048	2048	2048	1.2690281867980957
firewire.true-3-400.multi_neg	mdp	prism	M	3obj	7.8926310539245605	13.122541904449463	117.02445006370544	30.384164333343506	1024	13.729911088943481	9.689141750335693	14.303921222686768	11.273446083068848	11.195700407028198	11.199586629867554	10.12872862815857	10.374070405960083	11.901546955108643	11.686819076538086	12.688285112380981	2048	2048	2048	2048	2048	2048	2048	2048	2048	2048	2048	2048	2048	2048	7.8926310539245605
firewire.true-3-600.multi_neg	mdp	prism	M	3obj	19.443742275238037	30.885559558868408	403.81720447540283	78.23720669746399	1024	29.760116577148438	29.850948572158813	30.15377426147461	30.12988305091858	29.83158540725708	28.063443422317505	26.999481439590454	30.17589259147644	30.359955310821533	30.434014320373535	34.27258253097534	2048	2048	2048	2048	2048	2048	2048	2048	2048	2048	2048	2048	2048	2048	19.443742275238037
firewire.true-3-800.multi_neg	mdp	prism	M	3obj	45.260228872299194	58.17773675918579	512	132.3062880039215	1024	51.754690647125244	59.541298627853394	52.5762734413147	53.64160132408142	54.03913068771362	52.77384829521179	52.60925769805908	52.6207594871521	57.729676246643066	65.8697156906128	57.860926151275635	2048	2048	2048	2048	2048	2048	2048	2048	2048	2048	2048	2048	2048	2048	45.260228872299194
firewire.true-36-200.multi_neg	mdp	prism	M	3obj	512	512	1024	1024	1024	512	512	512	512	512	512	512	512	512	512	512	2048	2048	2048	2048	2048	2048	2048	2048	2048	2048	2048	2048	2048	2048	512
firewire.true-36-400.multi_neg	mdp	prism	M	3obj	1024	1024	1024	1024	1024	1024	1024	1024	1024	1024	1024	1024	1024	1024	1024	1024	1024	1024	1024	1024	1024	1024	1024	1024	1024	1024	1024	1024	1024	1024	2048
firewire.true-36-600.multi_neg	mdp	prism	M	3obj	1024	1024	1024	1024	1024	1024	1024	1024	1024	1024	1024	1024	1024	1024	1024	1024	1024	1024	1024	1024	1024	1024	1024	1024	1024	1024	1024	1024	1024	1024	2048
firewire.true-36-800.multi_neg	mdp	prism	M	3obj	1024	1024	1024	1024	1024	1024	1024	1024	1024	1024	1024	1024	1024	1024	1024	1024	1024	1024	1024	1024	1024	1024	1024	1024	1024	1024	1024	1024	1024	1024	2048
firewire_abst.3.multi	mdp	prism	M	2obj	1	1	1	1	1024	1	1	1	1	1	1	1	1	1	1	1	1	1	1	1	1	1	1	1	1	1	1	1	1	1	1
firewire_abst.36.multi	mdp	prism	M	2obj	1	1	1	1	1024	1	1	1	1	1	1	1	1	1	1	1	1	1	1	1	1	1	1	1	1	1	1	1	1	1	1
human-uav.1-500-0.performant_safe_bounded	mdp	prism	M	2obj	2.884258985519409	2.9337117671966553	2.865013360977173	37.9247682094574	1024	3.3466100692749023	2.865349769592285	3.4954683780670166	2.978227138519287	4.03472113609314	4.310871839523315	1.3194124698638916	1.5071303844451904	4.005420684814453	6.877249002456665	7.300163984298706	2048	2048	2048	2048	2048	2048	2048	2048	2048	2048	2048	2048	2048	2048	1.3194124698638916
human-uav.1-750-0.performant_safe_bounded	mdp	prism	M	2obj	27.122018575668335	25.8116614818573	23.352205276489258	512	1024	25.692365407943726	27.11879277229309	33.36398386955261	36.62729096412659	29.758343935012817	29.90837550163269	11.680930137634277	21.50669836997986	54.625319480895996	127.64596390724182	194.60254168510437	2048	2048	2048	2048	2048	2048	2048	2048	2048	2048	2048	2048	2048	2048	11.680930137634277
human-uav.1-1000-0.performant_safe_bounded	mdp	prism	M	2obj	109.97159051895142	115.00666642189026	93.65315365791321	512	1024	87.62371397018433	87.69048953056335	95.25615382194519	115.26959419250488	115.39599394798279	184.35718703269958	73.10639643669128	42.02022051811218	198.51389169692993	506.7460997104645	512	2048	2048	2048	2048	2048	2048	2048	2048	2048	2048	2048	2048	2048	2048	42.02022051811218
human-uav.1-1500-0.performant_safe_bounded	mdp	prism	M	2obj	383.7229278087616	402.56326031684875	369.54236459732056	1024	1024	404.35404443740845	380.67706394195557	443.50694394111633	512	512	501.4653856754303	149.49843645095825	228.46636271476746	512	512	1024	2048	2048	2048	2048	2048	2048	2048	2048	2048	2048	2048	2048	2048	2048	149.49843645095825
human-uav.1-500-0.performant_safe	mdp	prism	M	2obj	1	1	1	2.425157308578491	1024	1	1	1	1.101966142654419	1.0639793872833252	1	1	1	1.3191258907318115	2.223278284072876	2.966435194015503	1.0660269260406494	1	1.045184850692749	1.0090181827545166	1.0149455070495605	1	1.2520039081573486	1.1356480121612549	1.1661927700042725	1.0028698444366455	1.0110204219818115	1.0997111797332764	1.4930095672607422	1.5304656028747559	1
human-uav.1-750-0.performant_safe	mdp	prism	M	2obj	2.353818416595459	2.3818318843841553	2.2297258377075195	18.120203733444214	1024	2.401974678039551	2.4699745178222656	2.4129416942596436	2.9003684520721436	2.915654420852661	2.758161783218384	1.729088544845581	1.8254711627960205	4.167862176895142	16.24414038658142	26.741941928863525	1.4233741760253906	1.610854148864746	1.5569343566894531	1.5185565948486328	1.5080065727233887	1.5751655101776123	1.5719876289367676	1.6654324531555176	1.6433467864990234	1.186917781829834	1.2561185359954834	2.4341025352478027	4.342566967010498	6.708127975463867	1.186917781829834
human-uav.1-1000-0.performant_safe	mdp	prism	M	2obj	7.012570381164551	7.338645696640015	6.850319147109985	65.60319972038269	1024	6.536515474319458	6.298567295074463	7.682137966156006	7.178988933563232	6.880575656890869	7.220112323760986	4.740383148193359	4.8857104778289795	13.939087390899658	31.322705507278442	94.37135052680969	1.9950988292694092	2.217595338821411	2.1415557861328125	2.140998601913452	2.0978736877441406	2.1572935581207275	2.3627383708953857	3.9632365703582764	2.5073444843292236	2.1633455753326416	1.8625411987304688	3.648935317993164	7.71545934677124	20.385305166244507	1.8625411987304688
human-uav.1-1500-0.performant_safe	mdp	prism	M	2obj	21.22096824645996	29.817007780075073	23.390764951705933	341.44763445854187	1024	23.514758825302124	23.610214471817017	24.212595224380493	24.15214467048645	24.260270595550537	22.903635025024414	14.800760507583618	17.12206268310547	39.45241165161133	94.46015357971191	332.28891491889954	4.43028712272644	5.02056622505188	5.521404504776001	5.401616096496582	5.558151721954346	5.4031736850738525	5.568766117095947	5.4876708984375	4.905892848968506	2.392971992492676	3.3382022380828857	13.889332056045532	38.3633759021759	71.60810375213623	2.392971992492676
mars-rover.1-10.lazy	mdp	prism	M	2obj	1	1	1	1	1024	1	1	1	1	1	1	1	1	1	1	1	1	1	1	1	1	1	1	1	1	1	1	1	1	1	1
mars-rover.2-10.lazy	mdp	prism	M	2obj	1.0775351524353027	1.2175252437591553	1.124748945236206	11.912457466125488	1024	1.1954524517059326	1.1902189254760742	1.3870022296905518	1.3633110523223877	1.3071699142456055	1.3071050643920898	1.2983267307281494	1.2881231307983398	1.3375685214996338	1.3375532627105713	1.4047737121582031	1.5501415729522705	1.032388687133789	1.2734718322753906	1.2721562385559082	1.1967711448669434	1.190931797027588	1.2087361812591553	1.161905288696289	1.1806752681732178	1.171980619430542	1.2062668800354004	1.190537691116333	1.2178740501403809	1.1288702487945557	1.032388687133789
mars-rover.1-20.lazy	mdp	prism	M	2obj	1	1	1	1	1024	1	1	1	1	1	1	1	1	1	1	1	1	1	1	1	1	1	1	1	1	1	1	1	1	1	1
mars-rover.2-20.lazy	mdp	prism	M	2obj	15.737158298492432	17.70770764350891	16.708443641662598	124.76346802711487	1024	15.343219518661499	15.506572246551514	15.270986557006836	15.412206649780273	15.422965049743652	15.431450605392456	15.418042659759521	15.42355227470398	15.365721225738525	15.273505926132202	15.20719861984253	19.266910791397095	2.763279676437378	4.330050468444824	4.333329200744629	4.6934287548065186	4.66971230506897	4.734027624130249	4.484438896179199	4.199170112609863	4.152337074279785	4.329317092895508	4.308557748794556	4.29601788520813	4.2631590366363525	2.763279676437378
mars-rover.1-30.lazy	mdp	prism	M	2obj	1	1	1	1	1024	1	1	1	1	1	1	1	1	1	1	1	1	1	1	1	1	1	1	1	1	1	1	1	1	1	1
mars-rover.2-30.lazy	mdp	prism	M	2obj	105.4825668334961	113.45790958404541	112.06916761398315	448.89288425445557	1024	96.93295407295227	98.88293290138245	98.71816182136536	98.97597217559814	98.80069923400879	98.93827891349792	98.63718724250793	98.84816455841064	98.52186822891235	98.9324700832367	99.11594796180725	34.657097578048706	6.688692092895508	15.525330781936646	15.6205472946167	15.484620809555054	15.488144636154175	15.493324041366577	15.463935136795044	16.06595277786255	16.025967121124268	15.929127216339111	16.537874221801758	16.545140743255615	16.534926652908325	6.688692092895508
mars-rover.1-100.lazy	mdp	prism	M	2obj	1	1	1	1	1024	1	1	1	1	1	1	1	1	1	1	1	1	1	1	1	1	1	1	1	1	1	1	1	1	1	1
mars-rover.2-100.lazy	mdp	prism	M	2obj	1024	1024	1024	1024	1024	1024	1024	1024	1024	1024	1024	1024	1024	1024	1024	1024	1024	1024	1024	1024	1024	1024	1024	1024	1024	1024	1024	1024	1024	1024	2048
mars-rover.1-500.lazy	mdp	prism	M	2obj	1024	1	1	2.8534085750579834	1024	1	1	1	1	1	1	1	1	1	1	1	1.6988072395324707	1	1.2776291370391846	1.2518925666809082	1.27547287940979	1.317357063293457	1.2475860118865967	1.486114740371704	1.5037262439727783	1.5210342407226562	1.2524704933166504	1.2245004177093506	1.2439367771148682	1.246558427810669	1
mars-rover.2-500.lazy	mdp	prism	M	2obj	1024	1024	1024	1024	1024	1024	1024	1024	1024	1024	1024	1024	1024	1024	1024	1024	1024	1024	1024	1024	1024	1024	1024	1024	1024	1024	1024	1024	1024	1024	2048
mars-rover.1-1000.lazy	mdp	prism	M	2obj	1024	1.00101900100708	2.5945188999176025	5.851420640945435	1024	1.0149996280670166	1.013500690460205	1.0126526355743408	1.0004494190216064	1.0127272605895996	1.1262197494506836	1.2259819507598877	1.2245326042175293	1.2277941703796387	1.2311146259307861	1.2263531684875488	6.068168640136719	1.74745774269104	3.884814977645874	3.914445400238037	3.8888139724731445	3.8880982398986816	3.2348549365997314	3.2524781227111816	3.1920759677886963	3.2024967670440674	3.2148215770721436	3.2128119468688965	3.2459776401519775	3.252201557159424	1.0004494190216064
mars-rover.2-1000.lazy	mdp	prism	M	2obj	1024	1024	1024	1024	1024	1024	1024	1024	1024	1024	1024	1024	1024	1024	1024	1024	1024	1024	1024	1024	1024	1024	1024	1024	1024	1024	1024	1024	1024	1024	2048
mars-rover.1-10.bounded_tradeoff	mdp	prism	M	2obj	2.8678696155548096	1024	1024	9.816547632217407	1024	1024	1024	1024	1024	1024	1024	1024	1024	1024	1024	1024	1	1	1	1	1	1	1	1	1	1	1	1	1	1	1
mars-rover.2-10.bounded_tradeoff	mdp	prism	M	2obj	1024	1024	1024	1024	1024	1024	1024	1024	1024	1024	1024	1024	1024	1024	1024	1024	1.573418140411377	1.124354600906372	1.3613154888153076	1.3807265758514404	1.3848154544830322	1.3012633323669434	1.3642971515655518	1.366896390914917	1.3102493286132812	1.29807448387146	1.3306450843811035	1.3566126823425293	1.3864388465881348	1.7008123397827148	1.124354600906372
mars-rover.1-20.bounded_tradeoff	mdp	prism	M	2obj	39.987350940704346	1024	1024	131.10401558876038	1024	1024	1024	1024	1024	1024	1024	1024	1024	1024	1024	1024	1	1	1	1	1	1	1	1	1	1	1	1	1	1	1
mars-rover.2-20.bounded_tradeoff	mdp	prism	M	2obj	1024	1024	1024	1024	1024	1024	1024	1024	1024	1024	1024	1024	1024	1024	1024	1024	10.00123929977417	2.6641759872436523	7.441344738006592	7.114095687866211	8.094563484191895	7.049154996871948	7.0664963722229	6.952613115310669	6.610259532928467	6.142043590545654	6.220401763916016	6.8221495151519775	7.03310489654541	6.93686842918396	2.6641759872436523
mars-rover.1-30.bounded_tradeoff	mdp	prism	M	2obj	196.6018660068512	1024	1024	512	1024	1024	1024	1024	1024	1024	1024	1024	1024	1024	1024	1024	1	1	1	1	1	1	1	1	1	1	1	1	1	1	1
mars-rover.2-30.bounded_tradeoff	mdp	prism	M	2obj	1024	1024	1024	1024	1024	1024	1024	1024	1024	1024	1024	1024	1024	1024	1024	1024	61.40723633766174	9.059842348098755	34.891629457473755	33.63305187225342	28.950794458389282	58.54015374183655	27.592358350753784	32.06072473526001	25.6833918094635	24.498008251190186	25.497708797454834	32.021387338638306	33.23161697387695	28.343595027923584	9.059842348098755
mars-rover.1-100.bounded_tradeoff	mdp	prism	M	2obj	1024	1024	1024	1024	1024	1024	1024	1024	1024	1024	1024	1024	1024	1024	1024	1024	1	1	1	1	1	1	1	1	1	1	1	1	1	1	1
mars-rover.2-100.bounded_tradeoff	mdp	prism	M	2obj	1024	1024	1024	1024	1024	1024	1024	1024	1024	1024	1024	1024	1024	1024	1024	1024	1024	1024	1024	1024	1024	1024	1024	1024	1024	1024	1024	1024	1024	1024	2048
mars-rover.1-500.bounded_tradeoff	mdp	prism	M	2obj	1024	1024	1024	1024	1024	1024	1024	1024	1024	1024	1024	1024	1024	1024	1024	1024	1.441601276397705	1	1.042306900024414	1.0161898136138916	1.0178790092468262	1.0287692546844482	1.0112712383270264	1.0367279052734375	1.0319960117340088	1.0228636264801025	1.0133614540100098	1.0015971660614014	1.0395526885986328	1.0041308403015137	1
mars-rover.2-500.bounded_tradeoff	mdp	prism	M	2obj	1024	1024	1024	1024	1024	1024	1024	1024	1024	1024	1024	1024	1024	1024	1024	1024	1024	1024	1024	1024	1024	1024	1024	1024	1024	1024	1024	1024	1024	1024	2048
mars-rover.1-1000.bounded_tradeoff	mdp	prism	M	2obj	1024	1024	1024	1024	1024	1024	1024	1024	1024	1024	1024	1024	1024	1024	1024	1024	4.533005237579346	1	2.7149600982666016	2.786162853240967	2.7344558238983154	2.7853922843933105	2.850339412689209	2.75502610206604	2.686235189437866	2.9355921745300293	2.959376811981201	2.5510213375091553	2.7134077548980713	2.737731695175171	1
mars-rover.2-1000.bounded_tradeoff	mdp	prism	M	2obj	1024	1024	1024	1024	1024	1024	1024	1024	1024	1024	1024	1024	1024	1024	1024	1024	1024	1024	1024	1024	1024	1024	1024	1024	1024	1024	1024	1024	1024	1024	2048
mars-rover.1-10.safe_collection_tradeoff	mdp	prism	M	2obj	1	1	1	1	1024	1	1	1	1	1	1	1	1	1	1	1	1	1	1	1	1	1	1	1	1	1	1	1	1	1	1
mars-rover.2-10.safe_collection_tradeoff	mdp	prism	M	2obj	2.025113105773926	1.9666333198547363	2.0825178623199463	8.668412446975708	1024	1.9395456314086914	1.6168410778045654	1.6449897289276123	1.6267991065979004	1.6394212245941162	1.6307482719421387	1.5647590160369873	1.5525145530700684	2.1227059364318848	2.585648536682129	2.9762189388275146	2.391827344894409	1.2459442615509033	2.167539596557617	2.447458028793335	3.8699464797973633	4.163797378540039	2.6650705337524414	2.6350338459014893	2.4810423851013184	1.8708295822143555	1.9209117889404297	2.7527880668640137	4.407633066177368	5.177649974822998	1.2459442615509033
mars-rover.1-20.safe_collection_tradeoff	mdp	prism	M	2obj	1	1	1	1	1024	1	1	1	1	1	1	1	1	1	1	1	1	1	1	1	1	1	1	1	1	1	1	1	1	1	1
mars-rover.2-20.safe_collection_tradeoff	mdp	prism	M	2obj	23.060770273208618	22.9859881401062	24.652649402618408	85.40312790870667	1024	22.617019414901733	22.683568239212036	25.385860919952393	22.2760808467865	22.662182807922363	24.534273147583008	21.73870277404785	20.704997301101685	28.02841567993164	35.635889530181885	43.271631717681885	51.848031759262085	5.612592458724976	17.781943559646606	17.429941654205322	17.5840802192688	17.383634328842163	17.370248794555664	16.865761280059814	16.933042287826538	11.654832363128662	14.454830408096313	24.889938592910767	32.2146954536438	46.75907015800476	5.612592458724976
mars-rover.1-30.safe_collection_tradeoff	mdp	prism	M	2obj	1	1	1	1	1024	1	1	1	1	1	1	1	1	1	1	1	1	1	1	1	1	1	1	1	1	1	1	1	1	1	1
mars-rover.2-30.safe_collection_tradeoff	mdp	prism	M	2obj	118.19577598571777	118.6271538734436	126.23918151855469	312.8366177082062	1024	119.15245175361633	119.77614045143127	119.0903217792511	141.83487343788147	146.04960918426514	148.23435950279236	136.3114984035492	167.51963424682617	124.79507756233215	138.7095947265625	174.62351417541504	105.92604279518127	23.25765109062195	75.98906707763672	73.71725535392761	104.4357213973999	75.37129545211792	80.63893675804138	80.63727927207947	83.78586173057556	56.15704798698425	69.35836291313171	100.29389119148254	173.85564613342285	241.38329911231995	23.25765109062195
mars-rover.1-100.safe_collection_tradeoff	mdp	prism	M	2obj	1	1	1	1	1024	1	1	1	1	1	1	1	1	1	1	1	1	1	1	1	1	1	1	1	1	1	1	1	1	1	1
mars-rover.2-100.safe_collection_tradeoff	mdp	prism	M	2obj	1024	1024	1024	1024	1024	1024	1024	1024	1024	1024	1024	1024	1024	1024	1024	1024	1024	1024	1024	1024	1024	1024	1024	1024	1024	1024	1024	1024	1024	1024	2048
mars-rover.1-500.safe_collection_tradeoff	mdp	prism	M	2obj	1	1	1	1	1024	1	1	1	1	1	1	1	1	1	1	1	1.2585413455963135	1	1.409106969833374	1.4384386539459229	1.3669052124023438	1.2707157135009766	1.3502123355865479	1.1031973361968994	1.130544662475586	1.0761330127716064	1.0765259265899658	1	1	1.1320900917053223	1
mars-rover.2-500.safe_collection_tradeoff	mdp	prism	M	2obj	1024	1024	1024	1024	1024	1024	1024	1024	1024	1024	1024	1024	1024	1024	1024	1024	1024	1024	1024	1024	1024	1024	1024	1024	1024	1024	1024	1024	1024	1024	2048
mars-rover.1-1000.safe_collection_tradeoff	mdp	prism	M	2obj	1	1	1	1.4624106884002686	1024	1	1	1	1	1	1	1	1	1	1	1	3.236475706100464	1	2.03125262260437	2.014860153198242	1.9538867473602295	2.021383285522461	1.9750583171844482	1.9971935749053955	2.0431649684906006	1.9807629585266113	2.0146493911743164	2.0096733570098877	1.98665452003479	1.9777030944824219	1
mars-rover.2-1000.safe_collection_tradeoff	mdp	prism	M	2obj	1024	1024	1024	1024	1024	1024	1024	1024	1024	1024	1024	1024	1024	1024	1024	1024	1024	1024	1024	1024	1024	1024	1024	1024	1024	1024	1024	1024	1024	1024	2048
network-virus.2.qual1	mdp	prism	M	2obj	1	1	1	2048	2048	1	1	1	1	1	1	1	1	1	1	1	2048	2048	2048	2048	2048	2048	2048	2048	2048	2048	2048	2048	2048	2048	1
network-virus.3.qual1	mdp	prism	M	2obj	1	1	1	1024	1024	1	1.0750491619110107	1	1	1	1	1	1	1	1	1	2048	2048	2048	2048	2048	2048	2048	2048	2048	2048	2048	2048	2048	2048	1
network-virus.4.qual1	mdp	prism	M	2obj	1024	1024	1024	1024	1024	1024	1024	1024	1024	1024	1024	1024	1024	1024	1024	1024	2048	2048	2048	2048	2048	2048	2048	2048	2048	2048	2048	2048	2048	2048	2048
network-virus.2.qual2	mdp	prism	M	2obj	1	1	1	2048	2048	1	1	1	1	1	1	1	1	1	1	1	2048	2048	2048	2048	2048	2048	2048	2048	2048	2048	2048	2048	2048	2048	1
network-virus.3.qual2	mdp	prism	M	2obj	1	1	1	1024	1024	1	1	1	1	1	1	1	1	1	1	1	2048	2048	2048	2048	2048	2048	2048	2048	2048	2048	2048	2048	2048	2048	1
network-virus.4.qual2	mdp	prism	M	2obj	1024	1024	1024	1024	1024	1024	1024	1024	1024	1024	1024	1024	1024	1024	1024	1024	2048	2048	2048	2048	2048	2048	2048	2048	2048	2048	2048	2048	2048	2048	2048
network-virus.2.quant	mdp	prism	M	2obj	1	1	1	2048	2048	1	1	1	1	1	1	1	1	1	1	1	2048	2048	2048	2048	2048	2048	2048	2048	2048	2048	2048	2048	2048	2048	1
network-virus.3.quant	mdp	prism	M	2obj	1	1	1	1024	1024	1	1.3329625129699707	1	1	1	1	1	1	1	1	1	2048	2048	2048	2048	2048	2048	2048	2048	2048	2048	2048	2048	2048	2048	1
network-virus.4.quant	mdp	prism	M	2obj	1024	1024	1024	1024	1024	1024	1024	1024	1024	1024	1024	1024	1024	1024	1024	1024	2048	2048	2048	2048	2048	2048	2048	2048	2048	2048	2048	2048	2048	2048	2048
network-virus.2.pareto	mdp	prism	M	2obj	1	1	1	2048	2048	1	1	1	1	1	1	1	1	1	1	1	2048	2048	2048	2048	2048	2048	2048	2048	2048	2048	2048	2048	2048	2048	1
network-virus.3.pareto	mdp	prism	M	2obj	1	1	1	1024	1024	1	1	1	1	1	1	1	1	1	1	1	2048	2048	2048	2048	2048	2048	2048	2048	2048	2048	2048	2048	2048	2048	1
network-virus.4.pareto	mdp	prism	M	2obj	1024	1024	1024	1024	1024	1024	1024	1024	1024	1024	1024	1024	1024	1024	1024	1024	2048	2048	2048	2048	2048	2048	2048	2048	2048	2048	2048	2048	2048	2048	2048
random-grid.40-0.3-0.3.multi	mdp	prism	M	2obj	9.489197492599487	69.75905323028564	92.21272873878479	512	1024	65.22747755050659	57.738402128219604	57.737926959991455	68.90637135505676	58.10324716567993	57.70020842552185	63.842902183532715	64.35664629936218	64.97124981880188	87.10309624671936	75.40433192253113	2048	2048	2048	2048	2048	2048	2048	2048	2048	2048	2048	2048	2048	2048	9.489197492599487
random-grid.80-0.3-0.3.multi	mdp	prism	M	2obj	2048	512	512	1024	1024	512	512	512	512	512	512	512	512	512	512	1024	2048	2048	2048	2048	2048	2048	2048	2048	2048	2048	2048	2048	2048	2048	512
random-grid.140-0.3-0.3.multi	mdp	prism	M	2obj	1024	1024	1024	1024	1024	1024	1024	1024	1024	1024	1024	1024	1024	1024	1024	1024	2048	2048	2048	2048	2048	2048	2048	2048	2048	2048	2048	2048	2048	2048	2048
random-grid.180-0.3-0.3.multi	mdp	prism	M	2obj	1024	1024	1024	1024	1024	1024	1024	1024	1024	1024	1024	1024	1024	1024	1024	1024	1024	1024	1024	1024	1024	1024	1024	1024	1024	1024	1024	1024	1024	1024	2048
random-grid.200-0.3-0.3.multi	mdp	prism	M	2obj	1024	1024	1024	1024	1024	1024	1024	1024	1024	1024	1024	1024	1024	1024	1024	1024	1024	1024	1024	1024	1024	1024	1024	1024	1024	1024	1024	1024	1024	1024	2048
sensor-network.1.pareto	mdp	prism	M	3obj	1	1	1	2048	2048	1	1	1	1	1	1	1	1	1	1	1	2048	2048	2048	2048	2048	2048	2048	2048	2048	2048	2048	2048	2048	2048	1
sensor-network.2.pareto	mdp	prism	M	3obj	1	1	2.244227886199951	2048	2048	1	1	1	1	1	1	1	1	1	1	1	2048	2048	2048	2048	2048	2048	2048	2048	2048	2048	2048	2048	2048	2048	1
sensor-network.3.pareto	mdp	prism	M	3obj	2.0237207412719727	2.4360499382019043	84.81317234039307	2048	2048	2.7518739700317383	2.7053089141845703	2.56782603263855	2.4990577697753906	2.495061159133911	2.520480155944824	1.696437120437622	1.7344450950622559	2.58223295211792	2.650719404220581	2.6515607833862305	2048	2048	2048	2048	2048	2048	2048	2048	2048	2048	2048	2048	2048	2048	1.696437120437622
sensor-network.4.pareto	mdp	prism	M	3obj	34.24673271179199	35.61709713935852	512	2048	2048	31.616183280944824	30.871899604797363	37.07463812828064	37.01399064064026	34.6296124458313	40.55974864959717	29.47347354888916	29.782972812652588	40.66525053977966	41.520784854888916	42.27224946022034	2048	2048	2048	2048	2048	2048	2048	2048	2048	2048	2048	2048	2048	2048	29.47347354888916
sensor-network.5.pareto	mdp	prism	M	3obj	512	512	512	1024	1024	512	512	512	512	512	512	512	512	512	512	512	2048	2048	2048	2048	2048	2048	2048	2048	2048	2048	2048	2048	2048	2048	512
team-formation.2.tradeoff_finish1_teamsize	mdp	prism	M	2obj	1	1	1	1	1024	1	1	1	1	1	1	1	1	1	1	1	1	1	1	1	1	1	1	1	1	1	1	1	1	1	1
team-formation.3.tradeoff_finish1_teamsize	mdp	prism	M	2obj	1	1	1	1.591965913772583	1024	1	1	1	1	1	1	1	1	1	1	1	1	1.0837428569793701	1.107229471206665	1	1	1	1	1	1	1	1	1.0037250518798828	1.0059547424316406	1	1
team-formation.4.tradeoff_finish1_teamsize	mdp	prism	M	2obj	1	1.080432415008545	1.0054450035095215	17.0078067779541	1024	1.0280914306640625	1.024799108505249	1.0394155979156494	1.105438232421875	1.032728910446167	1.0396556854248047	1	1	1	1	1	1.5880489349365234	1.530597448348999	1.5992839336395264	1.809586763381958	1.8205082416534424	1.6775012016296387	1.689281940460205	1.6895980834960938	1.5499391555786133	1.5773868560791016	1.549914836883545	1.5789728164672852	1.615807294845581	1.6543865203857422	1
team-formation.5.tradeoff_finish1_teamsize	mdp	prism	M	2obj	11.050829648971558	11.715493440628052	11.019897222518921	205.16537022590637	1024	12.701951026916504	12.649534702301025	11.797216653823853	12.194248914718628	12.120370626449585	12.081388711929321	9.010618686676025	10.710457563400269	12.021007299423218	11.138054847717285	12.913438320159912	9.681987047195435	6.549379348754883	6.748080492019653	7.068126916885376	6.770509481430054	6.834479808807373	6.831861972808838	6.616081953048706	6.616170167922974	6.24954628944397	6.383505821228027	7.079981803894043	7.1110475063323975	6.683104515075684	6.24954628944397
team-formation.2.tradeoff_finish1_finish_teamsize	mdp	prism	M	3obj	1	1	1	1	1024	1	1	1	1	1	1	1	1	1	1	1	1	1	1	1	1	1	1	1	1	1	1	1	1	1.0890464782714844	1
team-formation.3.tradeoff_finish1_finish_teamsize	mdp	prism	M	3obj	1.0149497985839844	1	1	2.444948434829712	1024	1	1	1	1	1	1	1	1	1	1	1	1.0735185146331787	1	1.0120806694030762	1.0050034523010254	1.0135948657989502	1.0404596328735352	1.0216784477233887	1.0384652614593506	1.038011074066162	1.0945680141448975	1.0175824165344238	1.0391042232513428	1.0023300647735596	1.0208158493041992	1
team-formation.4.tradeoff_finish1_finish_teamsize	mdp	prism	M	3obj	1.9659812450408936	1.7872164249420166	1.7776341438293457	16.97669816017151	1024	1.784285306930542	1.8407740592956543	1.835517406463623	1.8365368843078613	1.8613336086273193	2.1144912242889404	1.2524523735046387	1.7711548805236816	2.0301566123962402	2.2045207023620605	2.516267776489258	2.0217580795288086	1.8867816925048828	1.8456072807312012	1.785287618637085	1.9263255596160889	1.7915191650390625	2.0864956378936768	2.0890004634857178	2.100280284881592	1.9749596118927002	1.848754644393921	1.8443644046783447	1.9263291358947754	1.8290314674377441	1.2524523735046387
team-formation.5.tradeoff_finish1_finish_teamsize	mdp	prism	M	3obj	14.060583114624023	17.82401943206787	14.298891544342041	233.06418800354004	1024	18.067054986953735	18.0325665473938	19.483247756958008	19.426673412322998	19.43254256248474	19.12998104095459	13.886088848114014	15.47316598892212	19.390456676483154	19.413861989974976	19.47029948234558	11.08671236038208	10.055493593215942	10.767489910125732	11.359625339508057	14.671478509902954	10.069692134857178	9.922735452651978	10.093008995056152	10.00155758857727	9.131781578063965	9.363033294677734	10.115919589996338	10.049623966217041	9.964938879013062	9.131781578063965
wlan.0-0.multi_pos	mdp	prism	M	2obj	1	1	1	1	1024	1	1	1	1	1	1	1	1	1	1	1	1	1	1	1	1	1	1	1	1	1	1	1	1	1	1
wlan.1-0.multi_pos	mdp	prism	M	2obj	1	1	1	1	1024	1	1	1	1	1	1	1	1	1	1	1	1	1	1	1	1	1	1	1	1	1	1	1	1	1	1
wlan.2-0.multi_pos	mdp	prism	M	2obj	1	1	1	1.4821135997772217	1024	1	1	1	1	1	1	1	1	1	1	1	1.2274460792541504	1	1	1	1	1	1	1	1	1	1	1	1	1	1
wlan.3-0.multi_pos	mdp	prism	M	2obj	1	1	1.305694818496704	4.665047645568848	1024	1	1.037276029586792	1.2794301509857178	1	1.012894630432129	1	1	1	1	1	1	2.994309425354004	1.4702906608581543	1.798299789428711	1.6346125602722168	1.5850939750671387	1.5479865074157715	1.526237964630127	1.504565954208374	1.4825422763824463	1.5213046073913574	1.5852463245391846	2.0313498973846436	1.7195894718170166	1.5159225463867188	1
wlan.4-0.multi_pos	mdp	prism	M	2obj	3.1934702396392822	3.830695629119873	6.957945108413696	16.980456829071045	1024	3.6202518939971924	3.720118761062622	3.9320321083068848	3.930556058883667	3.9319679737091064	7.910754442214966	4.426009654998779	4.1538920402526855	3.577826499938965	3.9236888885498047	3.9853906631469727	10.900524616241455	3.62913179397583	4.78614616394043	4.970965147018433	4.97094988822937	5.069886684417725	4.727050065994263	5.235323190689087	5.027453184127808	5.1937830448150635	5.383969306945801	5.079033374786377	4.985265493392944	5.009492635726929	3.1934702396392822
wlan.5-0.multi_pos	mdp	prism	M	2obj	17.767469882965088	21.288828134536743	65.95603847503662	83.08414959907532	1024	23.173775911331177	21.941620588302612	24.18623685836792	23.365020990371704	23.46960425376892	23.0912663936615	23.105980396270752	20.981171131134033	20.890690565109253	22.56330442428589	22.58010697364807	103.36140871047974	34.53663229942322	38.555554151535034	38.73954129219055	34.34874868392944	34.733582973480225	34.02961587905884	34.47140336036682	46.52366757392883	34.409425497055054	37.520079374313354	37.49444389343262	33.621078968048096	33.245726108551025	17.767469882965088
wlan.6-0.multi_pos	mdp	prism	M	2obj	148.48415899276733	160.20555925369263	512	1024	1024	202.57805943489075	189.0149085521698	188.41974925994873	161.91030430793762	161.32303524017334	185.3264820575714	185.8630223274231	187.06900024414062	175.01052117347717	174.72946572303772	174.8537950515747	512	287.1941137313843	266.08102011680603	274.94075655937195	266.6842460632324	241.14365816116333	244.15658473968506	266.209424495697	294.9169909954071	318.05192828178406	270.40364050865173	290.49308729171753	287.6272165775299	295.2165381908417	148.48415899276733
wlan.0-0.multi_neg	mdp	prism	M	3obj	1	1	1	1	1024	1	1	1	1	1	1	1	1	1	1	1	1	1	1	1	1	1	1	1	1	1	1	1	1	1	1
wlan.1-0.multi_neg	mdp	prism	M	3obj	1	1	1	1.1010642051696777	1024	1	1	1	1	1	1	1	1	1	1	1	1	1	1.1073827743530273	1.0021729469299316	1	1.0513908863067627	1	1.0295181274414062	1.007467269897461	1	1	1.2347192764282227	1.0949759483337402	1.4042267799377441	1
wlan.2-0.multi_neg	mdp	prism	M	3obj	1.0932774543762207	1.1160225868225098	3.4644362926483154	3.3736586570739746	1024	1.1104071140289307	1.0942840576171875	1.0867888927459717	1	1	1	1	1	1.2370784282684326	1.255591869354248	1.4315826892852783	2.4397988319396973	2.7661216259002686	3.2869136333465576	3.203817844390869	3.16770601272583	3.1238226890563965	3.058225631713867	3.043631076812744	3.620457172393799	2.619779348373413	2.7028963565826416	3.4761438369750977	3.600191354751587	4.068957328796387	1
wlan.3-0.multi_neg	mdp	prism	M	3obj	2.610095977783203	3.3365914821624756	19.87794065475464	11.378144979476929	1024	3.259357213973999	3.3137030601501465	3.1848816871643066	3.687650442123413	3.930219888687134	3.2100555896759033	2.415438652038574	3.5829968452453613	4.335433006286621	5.238545656204224	4.804197072982788	9.732496500015259	14.705392122268677	23.047905683517456	24.76458740234375	17.98782968521118	21.77889919281006	17.606972694396973	17.70374822616577	17.656348705291748	13.187157392501831	17.53138780593872	20.330840826034546	28.125787496566772	24.06386399269104	2.415438652038574
wlan.4-0.multi_neg	mdp	prism	M	3obj	12.381730556488037	14.622138261795044	126.89657592773438	45.329829454422	1024	13.66629433631897	13.297311544418335	14.054920673370361	13.29793906211853	18.087438583374023	17.700589179992676	9.250590801239014	12.337145328521729	14.952192544937134	16.218688488006592	17.002723693847656	52.160210371017456	68.6095404624939	223.14026713371277	195.43875455856323	114.61290240287781	112.5276415348053	152.9347448348999	141.8287057876587	123.3236563205719	79.68164825439453	95.39465093612671	127.65935063362122	153.6821105480194	161.4710943698883	9.250590801239014
wlan.5-0.multi_neg	mdp	prism	M	3obj	50.06371808052063	73.20928525924683	512	220.28378820419312	1024	78.05254340171814	77.4704737663269	72.8815050125122	74.26823329925537	73.04872465133667	72.97617435455322	49.92028260231018	53.36491274833679	65.0142560005188	74.00975513458252	79.34488558769226	419.1258809566498	512	512	512	512	512	512	512	512	512	512	512	512	1024	49.92028260231018
wlan.6-0.multi_neg	mdp	prism	M	3obj	342.5662248134613	443.3296535015106	1024	1024	1024	437.1860511302948	439.36467361450195	439.5627679824829	438.71704721450806	438.93157482147217	439.101943731308	304.439546585083	335.1028861999512	474.01230025291443	490.14911699295044	512	1024	1024	1024	1024	1024	1024	1024	1024	1024	1024	1024	1024	1024	1024	304.439546585083
wlan-mec.2-0.multi_pos	mdp	prism	M	2obj	1	1	1	1	1024	1	1	1	1	1	1	1	1	1	1	1	1	1	1	1	1	1	1	1	1	1	1	1	1	1	1
wlan-mec.2-0.multi_pos	mdp	prism	M	2obj	1	1	1	1	1024	1	1	1	1	1	1	1	1	1	1	1	1	1	1	1	1	1	1	1	1	1	1	1	1	1	1
wlan-mec.3-0.multi_pos	mdp	prism	M	2obj	61.47084093093872	61.453163862228394	59.57040476799011	118.98465204238892	1024	60.227339029312134	61.45458722114563	62.1252920627594	68.74391603469849	70.40442085266113	64.45054888725281	61.498822927474976	56.48295044898987	67.51694178581238	61.47768545150757	62.010984659194946	2048	2048	2048	2048	2048	2048	2048	2048	2048	2048	2048	2048	2048	2048	56.48295044898987
wlan-mec.4-0.multi_pos	mdp	prism	M	2obj	503.1185190677643	512	512	512	1024	465.8930809497833	461.15536403656006	481.79588556289673	484.9374897480011	464.1127676963806	463.8128364086151	468.04251313209534	463.48761081695557	465.1379039287567	460.64978218078613	466.21789836883545	2048	2048	2048	2048	2048	2048	2048	2048	2048	2048	2048	2048	2048	2048	460.64978218078613
wlan-mec.5-0.multi_pos	mdp	prism	M	2obj	1024	1024	1024	1024	1024	1024	1024	1024	1024	1024	1024	1024	1024	1024	1024	1024	2048	2048	2048	2048	2048	2048	2048	2048	2048	2048	2048	2048	2048	2048	2048
brp-pta.16-2-1-64.Multi	pta	modest	M	ge4obj	2048	2048	2048	2048	2048	2048	2048	2048	2048	2048	2048	2048	2048	2048	2048	2048	1	1	1	1	1	1	1	1	1	1	1	1	1	1	1
brp-pta.64-12-32-256.Multi	pta	modest	M	ge4obj	2048	2048	2048	2048	2048	2048	2048	2048	2048	2048	2048	2048	2048	2048	2048	2048	1024	1024	1024	1024	1024	1024	1024	1024	1024	1024	1024	1024	1024	1024	2048
csma_abst-pta.1-1000.multi_neg	pta	prism	M	2obj	2048	2048	2048	2048	2048	2048	2048	2048	2048	2048	2048	2048	2048	2048	2048	2048	2048	2048	2048	2048	2048	2048	2048	2048	2048	2048	2048	2048	2048	2048	2048
csma_abst-pta.1-1750.multi_neg	pta	prism	M	2obj	2048	2048	2048	2048	2048	2048	2048	2048	2048	2048	2048	2048	2048	2048	2048	2048	2048	2048	2048	2048	2048	2048	2048	2048	2048	2048	2048	2048	2048	2048	2048
csma_abst-pta.1-1800.multi_neg	pta	prism	M	2obj	2048	2048	2048	2048	2048	2048	2048	2048	2048	2048	2048	2048	2048	2048	2048	2048	2048	2048	2048	2048	2048	2048	2048	2048	2048	2048	2048	2048	2048	2048	2048
csma_abst-pta.1-2000.multi_neg	pta	prism	M	2obj	2048	2048	2048	2048	2048	2048	2048	2048	2048	2048	2048	2048	2048	2048	2048	2048	2048	2048	2048	2048	2048	2048	2048	2048	2048	2048	2048	2048	2048	2048	2048
csma_abst-pta.1-3000.multi_neg	pta	prism	M	2obj	2048	2048	2048	2048	2048	2048	2048	2048	2048	2048	2048	2048	2048	2048	2048	2048	2048	2048	2048	2048	2048	2048	2048	2048	2048	2048	2048	2048	2048	2048	2048
firewire-pta.30-2500.multi	pta	prism	M	2obj	2048	2048	2048	2048	2048	2048	2048	2048	2048	2048	2048	2048	2048	2048	2048	2048	27.591138124465942	42.04204177856445	15.54535436630249	15.192198038101196	13.799926042556763	13.633719682693481	14.382051944732666	14.402148962020874	13.597549676895142	12.256484508514404	12.439727067947388	15.956368923187256	15.139491081237793	15.182955026626587	12.256484508514404
firewire-pta.30-5000.multi	pta	prism	M	2obj	2048	2048	2048	2048	2048	2048	2048	2048	2048	2048	2048	2048	2048	2048	2048	2048	25.27389097213745	42.56596398353577	16.76944136619568	15.974653720855713	13.036430835723877	16.102341890335083	15.465776920318604	12.955305814743042	12.843145370483398	11.626178979873657	16.296292543411255	18.033699989318848	19.054598093032837	18.967360496520996	11.626178979873657
firewire-pta.30-7500.multi	pta	prism	M	2obj	2048	2048	2048	2048	2048	2048	2048	2048	2048	2048	2048	2048	2048	2048	2048	2048	24.71087408065796	44.4864559173584	18.143162965774536	17.871084928512573	17.38145923614502	12.403460025787354	12.4005126953125	12.71393346786499	12.301989078521729	11.350741386413574	12.94579815864563	14.413622617721558	14.787833213806152	14.87607717514038	11.350741386413574
firewire-pta.360-2500.multi	pta	prism	M	2obj	2048	2048	2048	2048	2048	2048	2048	2048	2048	2048	2048	2048	2048	2048	2048	2048	1024	1024	1024	1024	1024	1024	1024	1024	1024	1024	1024	1024	1024	1024	2048
firewire-pta.360-5000.multi	pta	prism	M	2obj	2048	2048	2048	2048	2048	2048	2048	2048	2048	2048	2048	2048	2048	2048	2048	2048	1024	1024	1024	1024	1024	1024	1024	1024	1024	1024	1024	1024	1024	1024	2048
firewire-pta.360-7500.multi	pta	prism	M	2obj	2048	2048	2048	2048	2048	2048	2048	2048	2048	2048	2048	2048	2048	2048	2048	2048	1024	1024	1024	1024	1024	1024	1024	1024	1024	1024	1024	1024	1024	1024	2048
firewire_abst-pta.30-50.multi	pta	prism	M	2obj	2048	2048	2048	2048	2048	2048	2048	2048	2048	2048	2048	2048	2048	2048	2048	2048	1	1.4339749813079834	1	1	1	1	1	1	1	1	1	1	1	1	1
firewire_abst-pta.30-500.multi	pta	prism	M	2obj	2048	2048	2048	2048	2048	2048	2048	2048	2048	2048	2048	2048	2048	2048	2048	2048	1	1.6185972690582275	1	1	1	1	1	1	1	1	1	1	1	1	1
firewire_abst-pta.30-5000.multi	pta	prism	M	2obj	2048	2048	2048	2048	2048	2048	2048	2048	2048	2048	2048	2048	2048	2048	2048	2048	1	1.461397409439087	1	1	1	1	1	1	1	1	1	1	1	1	1
firewire_abst-pta.30-10000.multi	pta	prism	M	2obj	2048	2048	2048	2048	2048	2048	2048	2048	2048	2048	2048	2048	2048	2048	2048	2048	1.0004327297210693	1.6688852310180664	1	1	1	1	1	1	1	1	1	1	1	1	1
firewire_abst-pta.30-15000.multi	pta	prism	M	2obj	2048	2048	2048	2048	2048	2048	2048	2048	2048	2048	2048	2048	2048	2048	2048	2048	1	1.7297067642211914	1	1	1	1	1	1	1	1	1	1	1	1	1
firewire_abst-pta.360-50.multi	pta	prism	M	2obj	2048	2048	2048	2048	2048	2048	2048	2048	2048	2048	2048	2048	2048	2048	2048	2048	1.0335133075714111	2.5075137615203857	1	1	1	1	1	1	1	1	1	1	1	1	1
firewire_abst-pta.360-500.multi	pta	prism	M	2obj	2048	2048	2048	2048	2048	2048	2048	2048	2048	2048	2048	2048	2048	2048	2048	2048	1	2.5010054111480713	1	1	1	1	1	1	1	1	1	1	1	1	1
firewire_abst-pta.360-5000.multi	pta	prism	M	2obj	2048	2048	2048	2048	2048	2048	2048	2048	2048	2048	2048	2048	2048	2048	2048	2048	1	2.06007981300354	1	1	1	1	1.2901718616485596	1.000220537185669	1	1	1	1	1	1	1
firewire_abst-pta.360-10000.multi	pta	prism	M	2obj	2048	2048	2048	2048	2048	2048	2048	2048	2048	2048	2048	2048	2048	2048	2048	2048	1	2.133197784423828	1	1	1	1	1	1	1	1	1	1	1	1	1
firewire_abst-pta.360-15000.multi	pta	prism	M	2obj	2048	2048	2048	2048	2048	2048	2048	2048	2048	2048	2048	2048	2048	2048	2048	2048	1	2.438436985015869	1	1	1	1	1	1	1	1	1	1	1	1	1
repudiation_honest.40.multi	pta	prism	M	2obj	2048	2048	2048	2048	2048	2048	2048	2048	2048	2048	2048	2048	2048	2048	2048	2048	2048	2048	2048	2048	2048	2048	2048	2048	2048	2048	2048	2048	2048	2048	2048
repudiation_honest.80.multi	pta	prism	M	2obj	2048	2048	2048	2048	2048	2048	2048	2048	2048	2048	2048	2048	2048	2048	2048	2048	2048	2048	2048	2048	2048	2048	2048	2048	2048	2048	2048	2048	2048	2048	2048
repudiation_honest.100.multi	pta	prism	M	2obj	2048	2048	2048	2048	2048	2048	2048	2048	2048	2048	2048	2048	2048	2048	2048	2048	2048	2048	2048	2048	2048	2048	2048	2048	2048	2048	2048	2048	2048	2048	2048
repudiation_malicious.5.multi	pta	prism	M	2obj	2048	2048	2048	2048	2048	2048	2048	2048	2048	2048	2048	2048	2048	2048	2048	2048	2048	2048	2048	2048	2048	2048	2048	2048	2048	2048	2048	2048	2048	2048	2048
repudiation_malicious.10.multi	pta	prism	M	2obj	2048	2048	2048	2048	2048	2048	2048	2048	2048	2048	2048	2048	2048	2048	2048	2048	2048	2048	2048	2048	2048	2048	2048	2048	2048	2048	2048	2048	2048	2048	2048
repudiation_malicious.20.multi	pta	prism	M	2obj	2048	2048	2048	2048	2048	2048	2048	2048	2048	2048	2048	2048	2048	2048	2048	2048	2048	2048	2048	2048	2048	2048	2048	2048	2048	2048	2048	2048	2048	2048	2048
wlan-large.2.MultiPos	pta	modest	M	2obj	512	286.93733978271484	399.08599400520325	321.0716645717621	272.7285010814667	213.08577871322632	212.92320728302002	1024	288.0180163383484	287.58772563934326	287.80830907821655	215.49252724647522	286.5863687992096	1024	230.84558844566345	230.35836577415466	1024	218.76313042640686	1024	1024	1024	1024	1024	1024	1024	1024	1024	1024	1024	1024	212.92320728302002
wlan-large.2.MultiNeg	pta	modest	M	ge4obj	2048	2048	2048	2048	2048	2048	2048	2048	2048	2048	2048	2048	2048	2048	2048	2048	1024	1024	1024	1024	1024	1024	1024	1024	1024	1024	1024	1024	1024	1024	2048
zeroconf-pta.100.multi	pta	prism	M	2obj	2048	2048	2048	2048	2048	2048	2048	2048	2048	2048	2048	2048	2048	2048	2048	2048	1	1	1	1	1	1	1	1	1	1	1	1	1	1	1
zeroconf-pta.150.multi	pta	prism	M	2obj	2048	2048	2048	2048	2048	2048	2048	2048	2048	2048	2048	2048	2048	2048	2048	2048	1	1	1	1	1	1	1	1	1	1	1	1	1	1	1
zeroconf-pta.200.multi	pta	prism	M	2obj	2048	2048	2048	2048	2048	2048	2048	2048	2048	2048	2048	2048	2048	2048	2048	2048	1	1	1	1	1	1	1	1	1	1	1	1	1	1	1
